;FECHA;DESDE;HASTA;LINEA;MOLINETE;ID_ESTACION;ESTACION;PAX_PAGOS;PAX_PASES_PAGOS;PAX_FREQ;TOTAL
1;1/9/2019;05:15:00;05:30:00;D;LineaD_9Julio_S_Turn02;6;9 DE JULIO;1;0;0;1
2;1/9/2019;05:30:00;05:45:00;D;LineaD_9Julio_S_Turn02;6;9 DE JULIO;3;0;0;3
3;1/9/2019;05:30:00;05:45:00;D;LineaD_9Julio_S_Turn03;6;9 DE JULIO;1;0;0;1
4;1/9/2019;05:30:00;05:45:00;D;LineaD_9Julio_S_Turn01;6;9 DE JULIO;5;0;0;5
5;1/9/2019;05:45:00;06:00:00;D;LineaD_9Julio_S_Turn02;6;9 DE JULIO;1;0;0;1
6;1/9/2019;05:45:00;06:00:00;D;LineaD_9Julio_N_Turn01;6;9 DE JULIO;1;0;0;1
7;1/9/2019;05:45:00;06:00:00;D;LineaD_9Julio_S_Turn01;6;9 DE JULIO;6;0;0;6
8;1/9/2019;06:00:00;06:15:00;D;LineaD_9Julio_S_Turn01;6;9 DE JULIO;9;0;0;9
9;1/9/2019;06:00:00;06:15:00;D;LineaD_9Julio_S_Turn03;6;9 DE JULIO;1;0;0;1
10;1/9/2019;06:00:00;06:15:00;D;LineaD_9Julio_S_Turn02;6;9 DE JULIO;6;0;0;6
11;1/9/2019;06:15:00;06:30:00;D;LineaD_9Julio_S_Turn01;6;9 DE JULIO;12;0;0;12
12;1/9/2019;06:15:00;06:30:00;D;LineaD_9Julio_N_Turn01;6;9 DE JULIO;3;0;0;3
13;1/9/2019;06:15:00;06:30:00;D;LineaD_9Julio_S_Turn02;6;9 DE JULIO;9;0;0;9
14;1/9/2019;06:30:00;06:45:00;D;LineaD_9Julio_S_Turn01;6;9 DE JULIO;10;0;0;10
15;1/9/2019;06:30:00;06:45:00;D;LineaD_9Julio_S_Turn02;6;9 DE JULIO;12;0;0;12
16;1/9/2019;06:45:00;07:00:00;D;LineaD_9Julio_S_Turn01;6;9 DE JULIO;22;0;0;22
17;1/9/2019;06:45:00;07:00:00;D;LineaD_9Julio_N_Turn01;6;9 DE JULIO;3;0;0;3
18;1/9/2019;06:45:00;07:00:00;D;LineaD_9Julio_S_Turn02;6;9 DE JULIO;18;0;0;18
19;1/9/2019;06:45:00;07:00:00;D;LineaD_9Julio_S_Turn03;6;9 DE JULIO;3;0;0;3
20;1/9/2019;07:00:00;07:15:00;D;LineaD_9Julio_S_Turn02;6;9 DE JULIO;27;0;0;27
21;1/9/2019;07:00:00;07:15:00;D;LineaD_9Julio_N_Turn01;6;9 DE JULIO;3;0;0;3
22;1/9/2019;07:00:00;07:15:00;D;LineaD_9Julio_S_Turn03;6;9 DE JULIO;2;0;0;2
23;1/9/2019;07:00:00;07:15:00;D;LineaD_9Julio_S_Turn01;6;9 DE JULIO;27;0;0;27
24;1/9/2019;07:15:00;07:30:00;D;LineaD_9Julio_S_Turn02;6;9 DE JULIO;16;0;1;17
25;1/9/2019;07:15:00;07:30:00;D;LineaD_9Julio_S_Turn03;6;9 DE JULIO;9;0;1;10
26;1/9/2019;07:15:00;07:30:00;D;LineaD_9Julio_N_Turn01;6;9 DE JULIO;5;0;0;5
27;1/9/2019;07:15:00;07:30:00;D;LineaD_9Julio_S_Turn01;6;9 DE JULIO;24;0;0;24
28;1/9/2019;07:30:00;07:45:00;D;LineaD_9Julio_S_Turn01;6;9 DE JULIO;37;0;0;37
29;1/9/2019;07:30:00;07:45:00;D;LineaD_9Julio_N_Turn01;6;9 DE JULIO;2;0;0;2
30;1/9/2019;07:30:00;07:45:00;D;LineaD_9Julio_S_Turn02;6;9 DE JULIO;15;0;0;15
31;1/9/2019;07:45:00;08:00:00;D;LineaD_9Julio_N_Turn01;6;9 DE JULIO;1;0;1;2
32;1/9/2019;07:45:00;08:00:00;D;LineaD_9Julio_S_Turn02;6;9 DE JULIO;18;0;0;18
33;1/9/2019;07:45:00;08:00:00;D;LineaD_9Julio_S_Turn03;6;9 DE JULIO;4;0;0;4
34;1/9/2019;07:45:00;08:00:00;D;LineaD_9Julio_SO_Turn01;6;9 DE JULIO;10;0;0;10
35;1/9/2019;07:45:00;08:00:00;D;LineaD_9Julio_S_Turn01;6;9 DE JULIO;30;0;1;31
36;1/9/2019;07:45:00;08:00:00;D;LineaD_9Julio_SO_Turn02;6;9 DE JULIO;7;0;0;7
37;1/9/2019;08:00:00;08:15:00;D;LineaD_9Julio_N_Turn01;6;9 DE JULIO;3;0;1;4
38;1/9/2019;08:00:00;08:15:00;D;LineaD_9Julio_SO_Turn02;6;9 DE JULIO;19;0;0;19
39;1/9/2019;08:00:00;08:15:00;D;LineaD_9Julio_S_Turn02;6;9 DE JULIO;21;0;1;22
40;1/9/2019;08:00:00;08:15:00;D;LineaD_9Julio_S_Turn01;6;9 DE JULIO;37;0;0;37
41;1/9/2019;08:00:00;08:15:00;D;LineaD_9Julio_SO_Turn01;6;9 DE JULIO;48;0;1;49
42;1/9/2019;08:15:00;08:30:00;D;LineaD_9Julio_N_Turn01;6;9 DE JULIO;3;0;0;3
43;1/9/2019;08:15:00;08:30:00;D;LineaD_9Julio_S_Turn03;6;9 DE JULIO;2;0;0;2
44;1/9/2019;08:15:00;08:30:00;D;LineaD_9Julio_S_Turn02;6;9 DE JULIO;16;0;0;16
45;1/9/2019;08:15:00;08:30:00;D;LineaD_9Julio_S_Turn01;6;9 DE JULIO;26;0;0;26
46;1/9/2019;08:15:00;08:30:00;D;LineaD_9Julio_SO_Turn02;6;9 DE JULIO;41;0;0;41
47;1/9/2019;08:15:00;08:30:00;D;LineaD_9Julio_SO_Turn01;6;9 DE JULIO;54;0;1;55
48;1/9/2019;08:30:00;08:45:00;D;LineaD_9Julio_SO_Turn02;6;9 DE JULIO;34;0;2;36
49;1/9/2019;08:30:00;08:45:00;D;LineaD_9Julio_S_Turn02;6;9 DE JULIO;18;0;0;18
50;1/9/2019;08:30:00;08:45:00;D;LineaD_9Julio_S_Turn03;6;9 DE JULIO;2;0;0;2
51;1/9/2019;08:30:00;08:45:00;D;LineaD_9Julio_SO_Turn01;6;9 DE JULIO;60;0;0;60
52;1/9/2019;08:30:00;08:45:00;D;LineaD_9Julio_S_Turn01;6;9 DE JULIO;26;0;0;26
53;1/9/2019;08:30:00;08:45:00;D;LineaD_9Julio_N_Turn01;6;9 DE JULIO;6;0;0;6
54;1/9/2019;08:45:00;09:00:00;D;LineaD_9Julio_SO_Turn02;6;9 DE JULIO;27;0;2;29
55;1/9/2019;08:45:00;09:00:00;D;LineaD_9Julio_S_Turn02;6;9 DE JULIO;17;0;0;17
56;1/9/2019;08:45:00;09:00:00;D;LineaD_9Julio_N_Turn01;6;9 DE JULIO;5;0;0;5
57;1/9/2019;08:45:00;09:00:00;D;LineaD_9Julio_SO_Turn01;6;9 DE JULIO;46;0;0;46
58;1/9/2019;08:45:00;09:00:00;D;LineaD_9Julio_S_Turn01;6;9 DE JULIO;28;0;0;28
59;1/9/2019;09:00:00;09:15:00;D;LineaD_9Julio_S_Turn01;6;9 DE JULIO;23;0;1;24
60;1/9/2019;09:00:00;09:15:00;D;LineaD_9Julio_N_Turn01;6;9 DE JULIO;4;0;0;4
61;1/9/2019;09:00:00;09:15:00;D;LineaD_9Julio_S_Turn02;6;9 DE JULIO;7;0;1;8
62;1/9/2019;09:00:00;09:15:00;D;LineaD_9Julio_SO_Turn02;6;9 DE JULIO;29;0;1;30
63;1/9/2019;09:00:00;09:15:00;D;LineaD_9Julio_S_Turn03;6;9 DE JULIO;2;0;0;2
64;1/9/2019;09:00:00;09:15:00;D;LineaD_9Julio_SO_Turn01;6;9 DE JULIO;46;0;0;46
65;1/9/2019;09:15:00;09:30:00;D;LineaD_9Julio_S_Turn01;6;9 DE JULIO;27;0;0;27
66;1/9/2019;09:15:00;09:30:00;D;LineaD_9Julio_N_Turn01;6;9 DE JULIO;3;0;0;3
67;1/9/2019;09:15:00;09:30:00;D;LineaD_9Julio_S_Turn02;6;9 DE JULIO;22;0;0;22
68;1/9/2019;09:15:00;09:30:00;D;LineaD_9Julio_SO_Turn02;6;9 DE JULIO;36;0;0;36
69;1/9/2019;09:15:00;09:30:00;D;LineaD_9Julio_S_Turn03;6;9 DE JULIO;6;0;0;6
70;1/9/2019;09:15:00;09:30:00;D;LineaD_9Julio_SO_Turn01;6;9 DE JULIO;58;0;1;59
71;1/9/2019;09:30:00;09:45:00;D;LineaD_9Julio_S_Turn03;6;9 DE JULIO;0;0;0;0
72;1/9/2019;09:30:00;09:45:00;D;LineaD_9Julio_S_Turn02;6;9 DE JULIO;8;0;0;8
73;1/9/2019;09:30:00;09:45:00;D;LineaD_9Julio_SO_Turn02;6;9 DE JULIO;46;0;0;46
74;1/9/2019;09:30:00;09:45:00;D;LineaD_9Julio_SO_Turn01;6;9 DE JULIO;37;0;3;40
75;1/9/2019;09:30:00;09:45:00;D;LineaD_9Julio_N_Turn01;6;9 DE JULIO;1;0;0;1
76;1/9/2019;09:30:00;09:45:00;D;LineaD_9Julio_S_Turn01;6;9 DE JULIO;18;0;0;18
77;1/9/2019;09:45:00;10:00:00;D;LineaD_9Julio_N_Turn01;6;9 DE JULIO;4;0;0;4
78;1/9/2019;09:45:00;10:00:00;D;LineaD_9Julio_S_Turn02;6;9 DE JULIO;4;0;0;4
79;1/9/2019;09:45:00;10:00:00;D;LineaD_9Julio_SO_Turn01;6;9 DE JULIO;41;1;1;43
80;1/9/2019;09:45:00;10:00:00;D;LineaD_9Julio_SO_Turn02;6;9 DE JULIO;39;0;1;40
81;1/9/2019;09:45:00;10:00:00;D;LineaD_9Julio_S_Turn01;6;9 DE JULIO;21;0;0;21
82;1/9/2019;10:00:00;10:15:00;D;LineaD_9Julio_S_Turn02;6;9 DE JULIO;14;0;0;14
83;1/9/2019;10:00:00;10:15:00;D;LineaD_9Julio_S_Turn03;6;9 DE JULIO;3;0;0;3
84;1/9/2019;10:00:00;10:15:00;D;LineaD_9Julio_SO_Turn01;6;9 DE JULIO;50;0;3;53
85;1/9/2019;10:00:00;10:15:00;D;LineaD_9Julio_SO_Turn02;6;9 DE JULIO;30;0;1;31
86;1/9/2019;10:00:00;10:15:00;D;LineaD_9Julio_N_Turn01;6;9 DE JULIO;8;0;1;9
87;1/9/2019;10:00:00;10:15:00;D;LineaD_9Julio_S_Turn01;6;9 DE JULIO;15;0;1;16
88;1/9/2019;10:15:00;10:30:00;D;LineaD_9Julio_SO_Turn02;6;9 DE JULIO;24;0;3;27
89;1/9/2019;10:15:00;10:30:00;D;LineaD_9Julio_S_Turn02;6;9 DE JULIO;4;0;1;5
90;1/9/2019;10:15:00;10:30:00;D;LineaD_9Julio_SO_Turn01;6;9 DE JULIO;38;0;1;39
91;1/9/2019;10:15:00;10:30:00;D;LineaD_9Julio_N_Turn01;6;9 DE JULIO;14;0;0;14
92;1/9/2019;10:15:00;10:30:00;D;LineaD_9Julio_S_Turn01;6;9 DE JULIO;23;0;1;24
93;1/9/2019;10:30:00;10:45:00;D;LineaD_9Julio_N_Turn01;6;9 DE JULIO;23;0;1;24
94;1/9/2019;10:30:00;10:45:00;D;LineaD_9Julio_S_Turn01;6;9 DE JULIO;23;0;0;23
95;1/9/2019;10:30:00;10:45:00;D;LineaD_9Julio_S_Turn02;6;9 DE JULIO;14;0;1;15
96;1/9/2019;10:30:00;10:45:00;D;LineaD_9Julio_S_Turn03;6;9 DE JULIO;1;0;0;1
97;1/9/2019;10:30:00;10:45:00;D;LineaD_9Julio_SO_Turn01;6;9 DE JULIO;55;0;1;56
98;1/9/2019;10:30:00;10:45:00;D;LineaD_9Julio_SO_Turn02;6;9 DE JULIO;33;0;2;35
99;1/9/2019;10:45:00;11:00:00;D;LineaD_9Julio_S_Turn01;6;9 DE JULIO;21;0;1;22
100;1/9/2019;10:45:00;11:00:00;D;LineaD_9Julio_S_Turn02;6;9 DE JULIO;8;0;1;9
101;1/9/2019;10:45:00;11:00:00;D;LineaD_9Julio_N_Turn01;6;9 DE JULIO;15;0;1;16
102;1/9/2019;10:45:00;11:00:00;D;LineaD_9Julio_S_Turn03;6;9 DE JULIO;4;0;0;4
103;1/9/2019;10:45:00;11:00:00;D;LineaD_9Julio_SO_Turn01;6;9 DE JULIO;36;0;2;38
104;1/9/2019;10:45:00;11:00:00;D;LineaD_9Julio_SO_Turn02;6;9 DE JULIO;27;0;2;29
105;1/9/2019;11:00:00;11:15:00;D;LineaD_9Julio_SO_Turn01;6;9 DE JULIO;40;0;0;40
106;1/9/2019;11:00:00;11:15:00;D;LineaD_9Julio_S_Turn01;6;9 DE JULIO;17;0;0;17
107;1/9/2019;11:00:00;11:15:00;D;LineaD_9Julio_SO_Turn02;6;9 DE JULIO;31;0;2;33
108;1/9/2019;11:00:00;11:15:00;D;LineaD_9Julio_S_Turn02;6;9 DE JULIO;12;0;1;13
109;1/9/2019;11:00:00;11:15:00;D;LineaD_9Julio_N_Turn01;6;9 DE JULIO;16;0;0;16
110;1/9/2019;11:15:00;11:30:00;D;LineaD_9Julio_S_Turn02;6;9 DE JULIO;12;0;1;13
111;1/9/2019;11:15:00;11:30:00;D;LineaD_9Julio_S_Turn03;6;9 DE JULIO;5;0;0;5
112;1/9/2019;11:15:00;11:30:00;D;LineaD_9Julio_SO_Turn01;6;9 DE JULIO;54;0;1;55
113;1/9/2019;11:15:00;11:30:00;D;LineaD_9Julio_SO_Turn02;6;9 DE JULIO;41;0;0;41
114;1/9/2019;11:15:00;11:30:00;D;LineaD_9Julio_S_Turn01;6;9 DE JULIO;19;0;0;19
115;1/9/2019;11:15:00;11:30:00;D;LineaD_9Julio_N_Turn01;6;9 DE JULIO;17;0;0;17
116;1/9/2019;11:30:00;11:45:00;D;LineaD_9Julio_N_Turn01;6;9 DE JULIO;22;0;0;22
117;1/9/2019;11:30:00;11:45:00;D;LineaD_9Julio_S_Turn01;6;9 DE JULIO;27;0;0;27
118;1/9/2019;11:30:00;11:45:00;D;LineaD_9Julio_S_Turn02;6;9 DE JULIO;10;0;2;12
119;1/9/2019;11:30:00;11:45:00;D;LineaD_9Julio_SO_Turn02;6;9 DE JULIO;24;0;0;24
120;1/9/2019;11:30:00;11:45:00;D;LineaD_9Julio_S_Turn03;6;9 DE JULIO;2;0;0;2
121;1/9/2019;11:30:00;11:45:00;D;LineaD_9Julio_SO_Turn01;6;9 DE JULIO;40;0;1;41
122;1/9/2019;11:45:00;12:00:00;D;LineaD_9Julio_S_Turn01;6;9 DE JULIO;13;0;3;16
123;1/9/2019;11:45:00;12:00:00;D;LineaD_9Julio_SO_Turn02;6;9 DE JULIO;31;0;0;31
124;1/9/2019;11:45:00;12:00:00;D;LineaD_9Julio_SO_Turn01;6;9 DE JULIO;44;0;5;49
125;1/9/2019;11:45:00;12:00:00;D;LineaD_9Julio_S_Turn03;6;9 DE JULIO;2;0;0;2
126;1/9/2019;11:45:00;12:00:00;D;LineaD_9Julio_N_Turn01;6;9 DE JULIO;20;0;1;21
127;1/9/2019;11:45:00;12:00:00;D;LineaD_9Julio_S_Turn02;6;9 DE JULIO;14;0;2;16
128;1/9/2019;12:00:00;12:15:00;D;LineaD_9Julio_S_Turn01;6;9 DE JULIO;18;0;2;20
129;1/9/2019;12:00:00;12:15:00;D;LineaD_9Julio_N_Turn02;6;9 DE JULIO;13;0;0;13
130;1/9/2019;12:00:00;12:15:00;D;LineaD_9Julio_SO_Turn02;6;9 DE JULIO;30;0;0;30
131;1/9/2019;12:00:00;12:15:00;D;LineaD_9Julio_N_Turn01;6;9 DE JULIO;15;0;3;18
132;1/9/2019;12:00:00;12:15:00;D;LineaD_9Julio_SO_Turn01;6;9 DE JULIO;42;0;0;42
133;1/9/2019;12:00:00;12:15:00;D;LineaD_9Julio_S_Turn03;6;9 DE JULIO;4;0;0;4
134;1/9/2019;12:00:00;12:15:00;D;LineaD_9Julio_S_Turn02;6;9 DE JULIO;15;0;0;15
135;1/9/2019;12:15:00;12:30:00;D;LineaD_9Julio_S_Turn01;6;9 DE JULIO;25;0;3;28
136;1/9/2019;12:15:00;12:30:00;D;LineaD_9Julio_N_Turn02;6;9 DE JULIO;7;0;1;8
137;1/9/2019;12:15:00;12:30:00;D;LineaD_9Julio_N_Turn01;6;9 DE JULIO;11;0;0;11
138;1/9/2019;12:15:00;12:30:00;D;LineaD_9Julio_S_Turn03;6;9 DE JULIO;3;0;0;3
139;1/9/2019;12:15:00;12:30:00;D;LineaD_9Julio_SO_Turn01;6;9 DE JULIO;48;0;5;53
140;1/9/2019;12:15:00;12:30:00;D;LineaD_9Julio_S_Turn02;6;9 DE JULIO;17;0;0;17
141;1/9/2019;12:15:00;12:30:00;D;LineaD_9Julio_SO_Turn02;6;9 DE JULIO;24;0;2;26
142;1/9/2019;12:30:00;12:45:00;D;LineaD_9Julio_N_Turn02;6;9 DE JULIO;8;0;1;9
143;1/9/2019;12:30:00;12:45:00;D;LineaD_9Julio_S_Turn03;6;9 DE JULIO;3;0;1;4
144;1/9/2019;12:30:00;12:45:00;D;LineaD_9Julio_N_Turn01;6;9 DE JULIO;11;0;0;11
145;1/9/2019;12:30:00;12:45:00;D;LineaD_9Julio_S_Turn02;6;9 DE JULIO;18;0;2;20
146;1/9/2019;12:30:00;12:45:00;D;LineaD_9Julio_S_Turn01;6;9 DE JULIO;22;0;1;23
147;1/9/2019;12:30:00;12:45:00;D;LineaD_9Julio_SO_Turn01;6;9 DE JULIO;41;0;3;44
148;1/9/2019;12:30:00;12:45:00;D;LineaD_9Julio_SO_Turn02;6;9 DE JULIO;21;0;2;23
149;1/9/2019;12:45:00;13:00:00;D;LineaD_9Julio_N_Turn01;6;9 DE JULIO;5;0;1;6
150;1/9/2019;12:45:00;13:00:00;D;LineaD_9Julio_SO_Turn02;6;9 DE JULIO;27;0;1;28
151;1/9/2019;12:45:00;13:00:00;D;LineaD_9Julio_S_Turn01;6;9 DE JULIO;23;0;2;25
152;1/9/2019;12:45:00;13:00:00;D;LineaD_9Julio_N_Turn02;6;9 DE JULIO;14;0;0;14
153;1/9/2019;12:45:00;13:00:00;D;LineaD_9Julio_SO_Turn01;6;9 DE JULIO;50;0;0;50
154;1/9/2019;12:45:00;13:00:00;D;LineaD_9Julio_S_Turn03;6;9 DE JULIO;3;0;1;4
155;1/9/2019;12:45:00;13:00:00;D;LineaD_9Julio_S_Turn02;6;9 DE JULIO;17;0;5;22
156;1/9/2019;13:00:00;13:15:00;D;LineaD_9Julio_N_Turn01;6;9 DE JULIO;12;0;1;13
157;1/9/2019;13:00:00;13:15:00;D;LineaD_9Julio_S_Turn01;6;9 DE JULIO;23;0;1;24
158;1/9/2019;13:00:00;13:15:00;D;LineaD_9Julio_N_Turn02;6;9 DE JULIO;7;0;0;7
159;1/9/2019;13:00:00;13:15:00;D;LineaD_9Julio_SO_Turn01;6;9 DE JULIO;67;0;2;69
160;1/9/2019;13:00:00;13:15:00;D;LineaD_9Julio_S_Turn02;6;9 DE JULIO;23;0;2;25
161;1/9/2019;13:00:00;13:15:00;D;LineaD_9Julio_SO_Turn02;6;9 DE JULIO;47;0;1;48
162;1/9/2019;13:15:00;13:30:00;D;LineaD_9Julio_N_Turn01;6;9 DE JULIO;9;0;0;9
163;1/9/2019;13:15:00;13:30:00;D;LineaD_9Julio_N_Turn02;6;9 DE JULIO;7;0;0;7
164;1/9/2019;13:15:00;13:30:00;D;LineaD_9Julio_S_Turn02;6;9 DE JULIO;15;0;0;15
165;1/9/2019;13:15:00;13:30:00;D;LineaD_9Julio_S_Turn03;6;9 DE JULIO;4;0;0;4
166;1/9/2019;13:15:00;13:30:00;D;LineaD_9Julio_SO_Turn01;6;9 DE JULIO;61;0;5;66
167;1/9/2019;13:15:00;13:30:00;D;LineaD_9Julio_S_Turn01;6;9 DE JULIO;23;0;1;24
168;1/9/2019;13:15:00;13:30:00;D;LineaD_9Julio_SO_Turn02;6;9 DE JULIO;32;0;2;34
169;1/9/2019;13:30:00;13:45:00;D;LineaD_9Julio_N_Turn02;6;9 DE JULIO;9;0;0;9
170;1/9/2019;13:30:00;13:45:00;D;LineaD_9Julio_S_Turn02;6;9 DE JULIO;21;0;3;24
171;1/9/2019;13:30:00;13:45:00;D;LineaD_9Julio_S_Turn03;6;9 DE JULIO;5;0;0;5
172;1/9/2019;13:30:00;13:45:00;D;LineaD_9Julio_N_Turn01;6;9 DE JULIO;14;0;0;14
173;1/9/2019;13:30:00;13:45:00;D;LineaD_9Julio_SO_Turn01;6;9 DE JULIO;59;0;1;60
174;1/9/2019;13:30:00;13:45:00;D;LineaD_9Julio_S_Turn01;6;9 DE JULIO;20;0;1;21
175;1/9/2019;13:30:00;13:45:00;D;LineaD_9Julio_SO_Turn02;6;9 DE JULIO;27;0;1;28
176;1/9/2019;13:45:00;14:00:00;D;LineaD_9Julio_S_Turn02;6;9 DE JULIO;17;0;0;17
177;1/9/2019;13:45:00;14:00:00;D;LineaD_9Julio_S_Turn03;6;9 DE JULIO;5;0;0;5
178;1/9/2019;13:45:00;14:00:00;D;LineaD_9Julio_SO_Turn01;6;9 DE JULIO;40;0;2;42
179;1/9/2019;13:45:00;14:00:00;D;LineaD_9Julio_N_Turn02;6;9 DE JULIO;9;0;0;9
180;1/9/2019;13:45:00;14:00:00;D;LineaD_9Julio_SO_Turn02;6;9 DE JULIO;26;0;0;26
181;1/9/2019;13:45:00;14:00:00;D;LineaD_9Julio_N_Turn01;6;9 DE JULIO;11;0;0;11
182;1/9/2019;13:45:00;14:00:00;D;LineaD_9Julio_S_Turn01;6;9 DE JULIO;29;0;3;32
183;1/9/2019;14:00:00;14:15:00;D;LineaD_9Julio_S_Turn03;6;9 DE JULIO;2;0;0;2
184;1/9/2019;14:00:00;14:15:00;D;LineaD_9Julio_SO_Turn01;6;9 DE JULIO;55;0;1;56
185;1/9/2019;14:00:00;14:15:00;D;LineaD_9Julio_SO_Turn02;6;9 DE JULIO;38;0;1;39
186;1/9/2019;14:00:00;14:15:00;D;LineaD_9Julio_S_Turn02;6;9 DE JULIO;22;0;0;22
187;1/9/2019;14:00:00;14:15:00;D;LineaD_9Julio_S_Turn01;6;9 DE JULIO;30;0;4;34
188;1/9/2019;14:00:00;14:15:00;D;LineaD_9Julio_N_Turn01;6;9 DE JULIO;13;0;1;14
189;1/9/2019;14:00:00;14:15:00;D;LineaD_9Julio_N_Turn02;6;9 DE JULIO;13;0;0;13
190;1/9/2019;14:15:00;14:30:00;D;LineaD_9Julio_S_Turn03;6;9 DE JULIO;1;0;0;1
191;1/9/2019;14:15:00;14:30:00;D;LineaD_9Julio_S_Turn02;6;9 DE JULIO;12;0;2;14
192;1/9/2019;14:15:00;14:30:00;D;LineaD_9Julio_S_Turn01;6;9 DE JULIO;27;0;2;29
193;1/9/2019;14:15:00;14:30:00;D;LineaD_9Julio_SO_Turn02;6;9 DE JULIO;30;0;1;31
194;1/9/2019;14:15:00;14:30:00;D;LineaD_9Julio_N_Turn01;6;9 DE JULIO;13;0;1;14
195;1/9/2019;14:15:00;14:30:00;D;LineaD_9Julio_SO_Turn01;6;9 DE JULIO;52;0;2;54
196;1/9/2019;14:15:00;14:30:00;D;LineaD_9Julio_N_Turn02;6;9 DE JULIO;11;0;2;13
197;1/9/2019;14:30:00;14:45:00;D;LineaD_9Julio_S_Turn01;6;9 DE JULIO;23;0;1;24
198;1/9/2019;14:30:00;14:45:00;D;LineaD_9Julio_SO_Turn02;6;9 DE JULIO;35;0;0;35
199;1/9/2019;14:30:00;14:45:00;D;LineaD_9Julio_N_Turn01;6;9 DE JULIO;9;0;0;9
200;1/9/2019;14:30:00;14:45:00;D;LineaD_9Julio_S_Turn03;6;9 DE JULIO;4;0;0;4
201;1/9/2019;14:30:00;14:45:00;D;LineaD_9Julio_SO_Turn01;6;9 DE JULIO;45;0;4;49
202;1/9/2019;14:30:00;14:45:00;D;LineaD_9Julio_N_Turn02;6;9 DE JULIO;3;0;0;3
203;1/9/2019;14:30:00;14:45:00;D;LineaD_9Julio_S_Turn02;6;9 DE JULIO;15;0;0;15
204;1/9/2019;14:45:00;15:00:00;D;LineaD_9Julio_N_Turn02;6;9 DE JULIO;7;0;0;7
205;1/9/2019;14:45:00;15:00:00;D;LineaD_9Julio_S_Turn02;6;9 DE JULIO;13;0;3;16
206;1/9/2019;14:45:00;15:00:00;D;LineaD_9Julio_S_Turn03;6;9 DE JULIO;3;0;0;3
207;1/9/2019;14:45:00;15:00:00;D;LineaD_9Julio_N_Turn01;6;9 DE JULIO;8;0;0;8
208;1/9/2019;14:45:00;15:00:00;D;LineaD_9Julio_SO_Turn01;6;9 DE JULIO;56;0;3;59
209;1/9/2019;14:45:00;15:00:00;D;LineaD_9Julio_SO_Turn02;6;9 DE JULIO;38;0;0;38
210;1/9/2019;14:45:00;15:00:00;D;LineaD_9Julio_S_Turn01;6;9 DE JULIO;27;1;2;30
211;1/9/2019;15:00:00;15:15:00;D;LineaD_9Julio_SO_Turn02;6;9 DE JULIO;41;0;1;42
212;1/9/2019;15:00:00;15:15:00;D;LineaD_9Julio_N_Turn02;6;9 DE JULIO;4;0;0;4
213;1/9/2019;15:00:00;15:15:00;D;LineaD_9Julio_SO_Turn01;6;9 DE JULIO;52;0;6;58
214;1/9/2019;15:00:00;15:15:00;D;LineaD_9Julio_S_Turn02;6;9 DE JULIO;19;0;2;21
215;1/9/2019;15:00:00;15:15:00;D;LineaD_9Julio_S_Turn03;6;9 DE JULIO;8;0;1;9
216;1/9/2019;15:00:00;15:15:00;D;LineaD_9Julio_N_Turn01;6;9 DE JULIO;18;0;1;19
217;1/9/2019;15:00:00;15:15:00;D;LineaD_9Julio_S_Turn01;6;9 DE JULIO;31;0;1;32
218;1/9/2019;15:15:00;15:30:00;D;LineaD_9Julio_SO_Turn02;6;9 DE JULIO;51;0;3;54
219;1/9/2019;15:15:00;15:30:00;D;LineaD_9Julio_SO_Turn01;6;9 DE JULIO;65;0;7;72
220;1/9/2019;15:15:00;15:30:00;D;LineaD_9Julio_S_Turn01;6;9 DE JULIO;33;0;2;35
221;1/9/2019;15:15:00;15:30:00;D;LineaD_9Julio_N_Turn01;6;9 DE JULIO;12;0;0;12
222;1/9/2019;15:15:00;15:30:00;D;LineaD_9Julio_S_Turn02;6;9 DE JULIO;20;0;1;21
223;1/9/2019;15:15:00;15:30:00;D;LineaD_9Julio_S_Turn03;6;9 DE JULIO;6;0;0;6
224;1/9/2019;15:15:00;15:30:00;D;LineaD_9Julio_N_Turn02;6;9 DE JULIO;9;0;0;9
225;1/9/2019;15:30:00;15:45:00;D;LineaD_9Julio_N_Turn01;6;9 DE JULIO;9;0;0;9
226;1/9/2019;15:30:00;15:45:00;D;LineaD_9Julio_SO_Turn02;6;9 DE JULIO;39;0;2;41
227;1/9/2019;15:30:00;15:45:00;D;LineaD_9Julio_SO_Turn01;6;9 DE JULIO;59;0;2;61
228;1/9/2019;15:30:00;15:45:00;D;LineaD_9Julio_S_Turn01;6;9 DE JULIO;37;0;1;38
229;1/9/2019;15:30:00;15:45:00;D;LineaD_9Julio_N_Turn02;6;9 DE JULIO;7;0;0;7
230;1/9/2019;15:30:00;15:45:00;D;LineaD_9Julio_S_Turn02;6;9 DE JULIO;29;0;0;29
231;1/9/2019;15:30:00;15:45:00;D;LineaD_9Julio_S_Turn03;6;9 DE JULIO;6;0;0;6
232;1/9/2019;15:45:00;16:00:00;D;LineaD_9Julio_N_Turn01;6;9 DE JULIO;11;0;1;12
233;1/9/2019;15:45:00;16:00:00;D;LineaD_9Julio_S_Turn03;6;9 DE JULIO;7;0;0;7
234;1/9/2019;15:45:00;16:00:00;D;LineaD_9Julio_S_Turn02;6;9 DE JULIO;21;0;0;21
235;1/9/2019;15:45:00;16:00:00;D;LineaD_9Julio_N_Turn02;6;9 DE JULIO;9;0;2;11
236;1/9/2019;15:45:00;16:00:00;D;LineaD_9Julio_S_Turn01;6;9 DE JULIO;19;0;0;19
237;1/9/2019;15:45:00;16:00:00;D;LineaD_9Julio_SO_Turn02;6;9 DE JULIO;45;0;1;46
238;1/9/2019;15:45:00;16:00:00;D;LineaD_9Julio_SO_Turn01;6;9 DE JULIO;63;0;0;63
239;1/9/2019;16:00:00;16:15:00;D;LineaD_9Julio_N_Turn01;6;9 DE JULIO;15;0;2;17
240;1/9/2019;16:00:00;16:15:00;D;LineaD_9Julio_S_Turn01;6;9 DE JULIO;30;0;2;32
241;1/9/2019;16:00:00;16:15:00;D;LineaD_9Julio_N_Turn02;6;9 DE JULIO;10;0;0;10
242;1/9/2019;16:00:00;16:15:00;D;LineaD_9Julio_SO_Turn02;6;9 DE JULIO;45;0;4;49
243;1/9/2019;16:00:00;16:15:00;D;LineaD_9Julio_S_Turn02;6;9 DE JULIO;24;0;0;24
244;1/9/2019;16:00:00;16:15:00;D;LineaD_9Julio_S_Turn03;6;9 DE JULIO;9;0;1;10
245;1/9/2019;16:00:00;16:15:00;D;LineaD_9Julio_SO_Turn01;6;9 DE JULIO;51;0;0;51
246;1/9/2019;16:15:00;16:30:00;D;LineaD_9Julio_N_Turn02;6;9 DE JULIO;9;0;0;9
247;1/9/2019;16:15:00;16:30:00;D;LineaD_9Julio_S_Turn01;6;9 DE JULIO;54;0;0;54
248;1/9/2019;16:15:00;16:30:00;D;LineaD_9Julio_SO_Turn02;6;9 DE JULIO;46;0;3;49
249;1/9/2019;16:15:00;16:30:00;D;LineaD_9Julio_N_Turn01;6;9 DE JULIO;10;0;0;10
250;1/9/2019;16:15:00;16:30:00;D;LineaD_9Julio_S_Turn02;6;9 DE JULIO;17;0;0;17
251;1/9/2019;16:15:00;16:30:00;D;LineaD_9Julio_S_Turn03;6;9 DE JULIO;3;0;0;3
252;1/9/2019;16:15:00;16:30:00;D;LineaD_9Julio_SO_Turn01;6;9 DE JULIO;62;0;3;65
253;1/9/2019;16:30:00;16:45:00;D;LineaD_9Julio_N_Turn02;6;9 DE JULIO;7;0;0;7
254;1/9/2019;16:30:00;16:45:00;D;LineaD_9Julio_S_Turn02;6;9 DE JULIO;14;1;1;16
255;1/9/2019;16:30:00;16:45:00;D;LineaD_9Julio_SO_Turn02;6;9 DE JULIO;34;0;1;35
256;1/9/2019;16:30:00;16:45:00;D;LineaD_9Julio_SO_Turn01;6;9 DE JULIO;54;0;1;55
257;1/9/2019;16:30:00;16:45:00;D;LineaD_9Julio_S_Turn03;6;9 DE JULIO;2;0;2;4
258;1/9/2019;16:30:00;16:45:00;D;LineaD_9Julio_N_Turn01;6;9 DE JULIO;15;0;0;15
259;1/9/2019;16:30:00;16:45:00;D;LineaD_9Julio_S_Turn01;6;9 DE JULIO;24;0;2;26
260;1/9/2019;16:45:00;17:00:00;D;LineaD_9Julio_S_Turn01;6;9 DE JULIO;36;0;0;36
261;1/9/2019;16:45:00;17:00:00;D;LineaD_9Julio_N_Turn01;6;9 DE JULIO;20;0;1;21
262;1/9/2019;16:45:00;17:00:00;D;LineaD_9Julio_N_Turn02;6;9 DE JULIO;14;0;0;14
263;1/9/2019;16:45:00;17:00:00;D;LineaD_9Julio_SO_Turn02;6;9 DE JULIO;49;0;0;49
264;1/9/2019;16:45:00;17:00:00;D;LineaD_9Julio_S_Turn03;6;9 DE JULIO;5;0;0;5
265;1/9/2019;16:45:00;17:00:00;D;LineaD_9Julio_SO_Turn01;6;9 DE JULIO;53;0;0;53
266;1/9/2019;16:45:00;17:00:00;D;LineaD_9Julio_S_Turn02;6;9 DE JULIO;20;0;0;20
267;1/9/2019;17:00:00;17:15:00;D;LineaD_9Julio_S_Turn01;6;9 DE JULIO;41;0;1;42
268;1/9/2019;17:00:00;17:15:00;D;LineaD_9Julio_N_Turn01;6;9 DE JULIO;22;0;0;22
269;1/9/2019;17:00:00;17:15:00;D;LineaD_9Julio_SO_Turn01;6;9 DE JULIO;76;0;0;76
270;1/9/2019;17:00:00;17:15:00;D;LineaD_9Julio_N_Turn02;6;9 DE JULIO;16;0;0;16
271;1/9/2019;17:00:00;17:15:00;D;LineaD_9Julio_S_Turn03;6;9 DE JULIO;8;0;0;8
272;1/9/2019;17:00:00;17:15:00;D;LineaD_9Julio_S_Turn02;6;9 DE JULIO;29;0;0;29
273;1/9/2019;17:00:00;17:15:00;D;LineaD_9Julio_SO_Turn02;6;9 DE JULIO;56;0;1;57
274;1/9/2019;17:15:00;17:30:00;D;LineaD_9Julio_N_Turn01;6;9 DE JULIO;21;0;0;21
275;1/9/2019;17:15:00;17:30:00;D;LineaD_9Julio_S_Turn02;6;9 DE JULIO;39;0;2;41
276;1/9/2019;17:15:00;17:30:00;D;LineaD_9Julio_SO_Turn01;6;9 DE JULIO;74;0;3;77
277;1/9/2019;17:15:00;17:30:00;D;LineaD_9Julio_N_Turn02;6;9 DE JULIO;11;0;1;12
278;1/9/2019;17:15:00;17:30:00;D;LineaD_9Julio_S_Turn03;6;9 DE JULIO;8;0;0;8
279;1/9/2019;17:15:00;17:30:00;D;LineaD_9Julio_S_Turn01;6;9 DE JULIO;33;0;2;35
280;1/9/2019;17:15:00;17:30:00;D;LineaD_9Julio_SO_Turn02;6;9 DE JULIO;54;0;0;54
281;1/9/2019;17:30:00;17:45:00;D;LineaD_9Julio_N_Turn01;6;9 DE JULIO;14;0;0;14
282;1/9/2019;17:30:00;17:45:00;D;LineaD_9Julio_SO_Turn02;6;9 DE JULIO;57;0;0;57
283;1/9/2019;17:30:00;17:45:00;D;LineaD_9Julio_SO_Turn01;6;9 DE JULIO;70;0;4;74
284;1/9/2019;17:30:00;17:45:00;D;LineaD_9Julio_S_Turn01;6;9 DE JULIO;57;0;0;57
285;1/9/2019;17:30:00;17:45:00;D;LineaD_9Julio_S_Turn02;6;9 DE JULIO;38;0;0;38
286;1/9/2019;17:30:00;17:45:00;D;LineaD_9Julio_N_Turn02;6;9 DE JULIO;15;0;0;15
287;1/9/2019;17:30:00;17:45:00;D;LineaD_9Julio_S_Turn03;6;9 DE JULIO;12;1;2;15
288;1/9/2019;17:45:00;18:00:00;D;LineaD_9Julio_S_Turn02;6;9 DE JULIO;33;0;2;35
289;1/9/2019;17:45:00;18:00:00;D;LineaD_9Julio_SO_Turn02;6;9 DE JULIO;43;0;0;43
290;1/9/2019;17:45:00;18:00:00;D;LineaD_9Julio_S_Turn03;6;9 DE JULIO;8;0;0;8
291;1/9/2019;17:45:00;18:00:00;D;LineaD_9Julio_SO_Turn01;6;9 DE JULIO;69;0;1;70
292;1/9/2019;17:45:00;18:00:00;D;LineaD_9Julio_N_Turn02;6;9 DE JULIO;10;0;0;10
293;1/9/2019;17:45:00;18:00:00;D;LineaD_9Julio_S_Turn01;6;9 DE JULIO;60;1;1;62
294;1/9/2019;17:45:00;18:00:00;D;LineaD_9Julio_N_Turn01;6;9 DE JULIO;18;0;0;18
295;1/9/2019;18:00:00;18:15:00;D;LineaD_9Julio_SO_Turn02;6;9 DE JULIO;75;0;3;78
296;1/9/2019;18:00:00;18:15:00;D;LineaD_9Julio_S_Turn01;6;9 DE JULIO;72;0;1;73
297;1/9/2019;18:00:00;18:15:00;D;LineaD_9Julio_SO_Turn01;6;9 DE JULIO;101;0;1;102
298;1/9/2019;18:00:00;18:15:00;D;LineaD_9Julio_S_Turn03;6;9 DE JULIO;20;0;0;20
299;1/9/2019;18:00:00;18:15:00;D;LineaD_9Julio_N_Turn02;6;9 DE JULIO;24;0;2;26
300;1/9/2019;18:00:00;18:15:00;D;LineaD_9Julio_S_Turn02;6;9 DE JULIO;49;0;1;50
301;1/9/2019;18:00:00;18:15:00;D;LineaD_9Julio_N_Turn01;6;9 DE JULIO;34;1;0;35
302;1/9/2019;18:15:00;18:30:00;D;LineaD_9Julio_SO_Turn02;6;9 DE JULIO;60;0;0;60
303;1/9/2019;18:15:00;18:30:00;D;LineaD_9Julio_S_Turn01;6;9 DE JULIO;63;0;2;65
304;1/9/2019;18:15:00;18:30:00;D;LineaD_9Julio_N_Turn01;6;9 DE JULIO;15;0;0;15
305;1/9/2019;18:15:00;18:30:00;D;LineaD_9Julio_SO_Turn01;6;9 DE JULIO;83;0;1;84
306;1/9/2019;18:15:00;18:30:00;D;LineaD_9Julio_S_Turn03;6;9 DE JULIO;15;0;0;15
307;1/9/2019;18:15:00;18:30:00;D;LineaD_9Julio_S_Turn02;6;9 DE JULIO;38;0;0;38
308;1/9/2019;18:15:00;18:30:00;D;LineaD_9Julio_N_Turn02;6;9 DE JULIO;21;0;0;21
309;1/9/2019;18:30:00;18:45:00;D;LineaD_9Julio_SO_Turn02;6;9 DE JULIO;61;1;1;63
310;1/9/2019;18:30:00;18:45:00;D;LineaD_9Julio_N_Turn01;6;9 DE JULIO;10;0;0;10
311;1/9/2019;18:30:00;18:45:00;D;LineaD_9Julio_S_Turn02;6;9 DE JULIO;32;0;1;33
312;1/9/2019;18:30:00;18:45:00;D;LineaD_9Julio_S_Turn01;6;9 DE JULIO;40;0;1;41
313;1/9/2019;18:30:00;18:45:00;D;LineaD_9Julio_N_Turn02;6;9 DE JULIO;12;0;0;12
314;1/9/2019;18:30:00;18:45:00;D;LineaD_9Julio_S_Turn03;6;9 DE JULIO;12;0;0;12
315;1/9/2019;18:30:00;18:45:00;D;LineaD_9Julio_SO_Turn01;6;9 DE JULIO;77;0;1;78
316;1/9/2019;18:45:00;19:00:00;D;LineaD_9Julio_N_Turn02;6;9 DE JULIO;4;0;0;4
317;1/9/2019;18:45:00;19:00:00;D;LineaD_9Julio_SO_Turn02;6;9 DE JULIO;37;0;0;37
318;1/9/2019;18:45:00;19:00:00;D;LineaD_9Julio_S_Turn02;6;9 DE JULIO;30;0;0;30
319;1/9/2019;18:45:00;19:00:00;D;LineaD_9Julio_S_Turn01;6;9 DE JULIO;37;0;0;37
320;1/9/2019;18:45:00;19:00:00;D;LineaD_9Julio_N_Turn01;6;9 DE JULIO;11;0;0;11
321;1/9/2019;18:45:00;19:00:00;D;LineaD_9Julio_S_Turn03;6;9 DE JULIO;8;0;1;9
322;1/9/2019;18:45:00;19:00:00;D;LineaD_9Julio_SO_Turn01;6;9 DE JULIO;68;0;0;68
323;1/9/2019;19:00:00;19:15:00;D;LineaD_9Julio_S_Turn03;6;9 DE JULIO;4;0;0;4
324;1/9/2019;19:00:00;19:15:00;D;LineaD_9Julio_S_Turn02;6;9 DE JULIO;25;0;0;25
325;1/9/2019;19:00:00;19:15:00;D;LineaD_9Julio_SO_Turn02;6;9 DE JULIO;27;0;0;27
326;1/9/2019;19:00:00;19:15:00;D;LineaD_9Julio_N_Turn01;6;9 DE JULIO;17;0;1;18
327;1/9/2019;19:00:00;19:15:00;D;LineaD_9Julio_SO_Turn01;6;9 DE JULIO;51;0;2;53
328;1/9/2019;19:00:00;19:15:00;D;LineaD_9Julio_S_Turn01;6;9 DE JULIO;35;0;0;35
329;1/9/2019;19:00:00;19:15:00;D;LineaD_9Julio_N_Turn02;6;9 DE JULIO;0;0;0;0
330;1/9/2019;19:15:00;19:30:00;D;LineaD_9Julio_S_Turn01;6;9 DE JULIO;25;0;0;25
331;1/9/2019;19:15:00;19:30:00;D;LineaD_9Julio_SO_Turn02;6;9 DE JULIO;16;0;1;17
332;1/9/2019;19:15:00;19:30:00;D;LineaD_9Julio_N_Turn01;6;9 DE JULIO;8;0;1;9
333;1/9/2019;19:15:00;19:30:00;D;LineaD_9Julio_S_Turn03;6;9 DE JULIO;2;0;1;3
334;1/9/2019;19:15:00;19:30:00;D;LineaD_9Julio_SO_Turn01;6;9 DE JULIO;38;0;2;40
335;1/9/2019;19:15:00;19:30:00;D;LineaD_9Julio_N_Turn02;6;9 DE JULIO;1;0;0;1
336;1/9/2019;19:15:00;19:30:00;D;LineaD_9Julio_S_Turn02;6;9 DE JULIO;11;0;1;12
337;1/9/2019;19:30:00;19:45:00;D;LineaD_9Julio_S_Turn02;6;9 DE JULIO;20;0;0;20
338;1/9/2019;19:30:00;19:45:00;D;LineaD_9Julio_S_Turn03;6;9 DE JULIO;7;0;0;7
339;1/9/2019;19:30:00;19:45:00;D;LineaD_9Julio_SO_Turn01;6;9 DE JULIO;29;0;2;31
340;1/9/2019;19:30:00;19:45:00;D;LineaD_9Julio_N_Turn02;6;9 DE JULIO;4;0;0;4
341;1/9/2019;19:30:00;19:45:00;D;LineaD_9Julio_SO_Turn02;6;9 DE JULIO;12;0;2;14
342;1/9/2019;19:30:00;19:45:00;D;LineaD_9Julio_N_Turn01;6;9 DE JULIO;3;0;0;3
343;1/9/2019;19:30:00;19:45:00;D;LineaD_9Julio_S_Turn01;6;9 DE JULIO;23;0;0;23
344;1/9/2019;19:45:00;20:00:00;D;LineaD_9Julio_SO_Turn02;6;9 DE JULIO;0;0;1;1
345;1/9/2019;19:45:00;20:00:00;D;LineaD_9Julio_S_Turn02;6;9 DE JULIO;16;0;1;17
346;1/9/2019;19:45:00;20:00:00;D;LineaD_9Julio_S_Turn03;6;9 DE JULIO;2;0;0;2
347;1/9/2019;19:45:00;20:00:00;D;LineaD_9Julio_N_Turn02;6;9 DE JULIO;4;0;0;4
348;1/9/2019;19:45:00;20:00:00;D;LineaD_9Julio_SO_Turn01;6;9 DE JULIO;1;0;0;1
349;1/9/2019;19:45:00;20:00:00;D;LineaD_9Julio_N_Turn01;6;9 DE JULIO;16;0;0;16
350;1/9/2019;19:45:00;20:00:00;D;LineaD_9Julio_S_Turn01;6;9 DE JULIO;34;0;0;34
351;1/9/2019;20:00:00;20:15:00;D;LineaD_9Julio_N_Turn01;6;9 DE JULIO;11;0;0;11
352;1/9/2019;20:00:00;20:15:00;D;LineaD_9Julio_S_Turn02;6;9 DE JULIO;14;0;0;14
353;1/9/2019;20:00:00;20:15:00;D;LineaD_9Julio_N_Turn02;6;9 DE JULIO;5;0;1;6
354;1/9/2019;20:00:00;20:15:00;D;LineaD_9Julio_S_Turn01;6;9 DE JULIO;27;0;2;29
355;1/9/2019;20:00:00;20:15:00;D;LineaD_9Julio_S_Turn03;6;9 DE JULIO;6;0;0;6
356;1/9/2019;20:15:00;20:30:00;D;LineaD_9Julio_S_Turn02;6;9 DE JULIO;14;0;0;14
357;1/9/2019;20:15:00;20:30:00;D;LineaD_9Julio_N_Turn02;6;9 DE JULIO;1;0;0;1
358;1/9/2019;20:15:00;20:30:00;D;LineaD_9Julio_S_Turn01;6;9 DE JULIO;26;0;1;27
359;1/9/2019;20:15:00;20:30:00;D;LineaD_9Julio_N_Turn01;6;9 DE JULIO;7;0;0;7
360;1/9/2019;20:15:00;20:30:00;D;LineaD_9Julio_S_Turn03;6;9 DE JULIO;5;0;0;5
361;1/9/2019;20:30:00;20:45:00;D;LineaD_9Julio_S_Turn02;6;9 DE JULIO;9;0;0;9
362;1/9/2019;20:30:00;20:45:00;D;LineaD_9Julio_N_Turn02;6;9 DE JULIO;2;0;1;3
363;1/9/2019;20:30:00;20:45:00;D;LineaD_9Julio_S_Turn01;6;9 DE JULIO;21;0;0;21
364;1/9/2019;20:30:00;20:45:00;D;LineaD_9Julio_N_Turn01;6;9 DE JULIO;5;0;1;6
365;1/9/2019;20:45:00;21:00:00;D;LineaD_9Julio_S_Turn02;6;9 DE JULIO;12;0;0;12
366;1/9/2019;20:45:00;21:00:00;D;LineaD_9Julio_S_Turn03;6;9 DE JULIO;2;0;0;2
367;1/9/2019;20:45:00;21:00:00;D;LineaD_9Julio_S_Turn01;6;9 DE JULIO;20;0;0;20
368;1/9/2019;20:45:00;21:00:00;D;LineaD_9Julio_N_Turn02;6;9 DE JULIO;5;0;0;5
369;1/9/2019;20:45:00;21:00:00;D;LineaD_9Julio_N_Turn01;6;9 DE JULIO;8;0;0;8
370;1/9/2019;21:00:00;21:15:00;D;LineaD_9Julio_N_Turn02;6;9 DE JULIO;5;0;0;5
371;1/9/2019;21:00:00;21:15:00;D;LineaD_9Julio_S_Turn02;6;9 DE JULIO;17;0;1;18
372;1/9/2019;21:00:00;21:15:00;D;LineaD_9Julio_S_Turn01;6;9 DE JULIO;21;0;0;21
373;1/9/2019;21:00:00;21:15:00;D;LineaD_9Julio_N_Turn01;6;9 DE JULIO;17;0;0;17
374;1/9/2019;21:00:00;21:15:00;D;LineaD_9Julio_S_Turn03;6;9 DE JULIO;5;0;0;5
375;1/9/2019;21:15:00;21:30:00;D;LineaD_9Julio_N_Turn02;6;9 DE JULIO;3;0;0;3
376;1/9/2019;21:15:00;21:30:00;D;LineaD_9Julio_S_Turn02;6;9 DE JULIO;9;0;0;9
377;1/9/2019;21:15:00;21:30:00;D;LineaD_9Julio_S_Turn03;6;9 DE JULIO;3;0;0;3
378;1/9/2019;21:15:00;21:30:00;D;LineaD_9Julio_N_Turn01;6;9 DE JULIO;6;0;0;6
379;1/9/2019;21:15:00;21:30:00;D;LineaD_9Julio_S_Turn01;6;9 DE JULIO;15;0;0;15
380;1/9/2019;21:30:00;21:45:00;D;LineaD_9Julio_S_Turn01;6;9 DE JULIO;11;0;1;12
381;1/9/2019;21:30:00;21:45:00;D;LineaD_9Julio_N_Turn02;6;9 DE JULIO;2;0;0;2
382;1/9/2019;21:30:00;21:45:00;D;LineaD_9Julio_S_Turn03;6;9 DE JULIO;0;0;1;1
383;1/9/2019;21:30:00;21:45:00;D;LineaD_9Julio_N_Turn01;6;9 DE JULIO;5;0;0;5
384;1/9/2019;21:30:00;21:45:00;D;LineaD_9Julio_S_Turn02;6;9 DE JULIO;13;0;2;15
385;1/9/2019;21:45:00;22:00:00;D;LineaD_9Julio_S_Turn01;6;9 DE JULIO;5;0;0;5
386;1/9/2019;21:45:00;22:00:00;D;LineaD_9Julio_S_Turn03;6;9 DE JULIO;0;0;0;0
387;1/9/2019;21:45:00;22:00:00;D;LineaD_9Julio_N_Turn01;6;9 DE JULIO;4;0;0;4
388;1/9/2019;21:45:00;22:00:00;D;LineaD_9Julio_S_Turn02;6;9 DE JULIO;5;0;0;5
389;1/9/2019;22:00:00;22:15:00;D;LineaD_9Julio_S_Turn01;6;9 DE JULIO;8;0;0;8
390;1/9/2019;22:00:00;22:15:00;D;LineaD_9Julio_S_Turn03;6;9 DE JULIO;3;0;0;3
391;1/9/2019;22:00:00;22:15:00;D;LineaD_9Julio_N_Turn01;6;9 DE JULIO;2;0;0;2
392;1/9/2019;22:00:00;22:15:00;D;LineaD_9Julio_S_Turn02;6;9 DE JULIO;9;0;0;9
393;1/9/2019;22:15:00;22:30:00;D;LineaD_9Julio_N_Turn01;6;9 DE JULIO;3;0;2;5
394;1/9/2019;22:15:00;22:30:00;D;LineaD_9Julio_S_Turn01;6;9 DE JULIO;9;0;0;9
395;1/9/2019;22:15:00;22:30:00;D;LineaD_9Julio_N_Turn02;6;9 DE JULIO;1;0;0;1
396;1/9/2019;22:15:00;22:30:00;D;LineaD_9Julio_S_Turn02;6;9 DE JULIO;8;0;0;8
397;1/9/2019;22:30:00;22:45:00;D;LineaD_9Julio_S_Turn01;6;9 DE JULIO;4;0;0;4
398;1/9/2019;22:30:00;22:45:00;D;LineaD_9Julio_N_Turn02;6;9 DE JULIO;1;0;0;1
399;1/9/2019;22:30:00;22:45:00;D;LineaD_9Julio_S_Turn02;6;9 DE JULIO;5;0;0;5
400;1/9/2019;22:45:00;23:00:00;D;LineaD_9Julio_N_Turn01;6;9 DE JULIO;1;0;0;1
401;1/9/2019;22:45:00;23:00:00;D;LineaD_9Julio_S_Turn01;6;9 DE JULIO;2;0;0;2
402;1/9/2019;22:45:00;23:00:00;D;LineaD_9Julio_S_Turn03;6;9 DE JULIO;1;0;0;1
403;1/9/2019;22:45:00;23:00:00;D;LineaD_9Julio_N_Turn02;6;9 DE JULIO;1;0;0;1
404;1/9/2019;22:45:00;23:00:00;D;LineaD_9Julio_S_Turn02;6;9 DE JULIO;2;0;0;2
405;1/9/2019;23:00:00;23:15:00;D;LineaD_9Julio_N_Turn01;6;9 DE JULIO;2;0;0;2
406;1/9/2019;23:00:00;23:15:00;D;LineaD_9Julio_S_Turn01;6;9 DE JULIO;4;0;0;4
407;1/9/2019;23:00:00;23:15:00;D;LineaD_9Julio_S_Turn02;6;9 DE JULIO;2;0;0;2
408;1/9/2019;23:15:00;23:30:00;D;LineaD_9Julio_S_Turn01;6;9 DE JULIO;2;0;0;2
409;1/9/2019;23:15:00;23:30:00;D;LineaD_9Julio_S_Turn02;6;9 DE JULIO;2;0;0;2
410;1/9/2019;23:30:00;23:45:00;D;LineaD_9Julio_S_Turn01;6;9 DE JULIO;0;0;0;0
411;2/9/2019;05:30:00;05:45:00;D;LineaD_9Julio_S_Turn01;6;9 DE JULIO;0;0;0;0
412;2/9/2019;05:30:00;05:45:00;D;LineaD_9Julio_S_Turn02;6;9 DE JULIO;0;0;0;0
413;2/9/2019;06:00:00;06:15:00;D;LineaD_9Julio_S_Turn02;6;9 DE JULIO;2;0;0;2
414;2/9/2019;06:00:00;06:15:00;D;LineaD_9Julio_S_Turn03;6;9 DE JULIO;1;0;0;1
415;2/9/2019;06:00:00;06:15:00;D;LineaD_9Julio_S_Turn01;6;9 DE JULIO;4;0;0;4
416;2/9/2019;06:15:00;06:30:00;D;LineaD_9Julio_S_Turn02;6;9 DE JULIO;1;0;0;1
417;2/9/2019;06:15:00;06:30:00;D;LineaD_9Julio_S_Turn03;6;9 DE JULIO;1;0;0;1
418;2/9/2019;06:15:00;06:30:00;D;LineaD_9Julio_S_Turn01;6;9 DE JULIO;3;0;0;3
419;2/9/2019;06:30:00;06:45:00;D;LineaD_9Julio_S_Turn03;6;9 DE JULIO;4;0;0;4
420;2/9/2019;06:30:00;06:45:00;D;LineaD_9Julio_S_Turn02;6;9 DE JULIO;3;0;0;3
421;2/9/2019;06:30:00;06:45:00;D;LineaD_9Julio_S_Turn01;6;9 DE JULIO;1;0;0;1
422;2/9/2019;06:45:00;07:00:00;D;LineaD_9Julio_S_Turn02;6;9 DE JULIO;4;0;0;4
423;2/9/2019;06:45:00;07:00:00;D;LineaD_9Julio_N_Turn02;6;9 DE JULIO;1;0;0;1
424;2/9/2019;06:45:00;07:00:00;D;LineaD_9Julio_S_Turn01;6;9 DE JULIO;7;0;0;7
425;2/9/2019;07:00:00;07:15:00;D;LineaD_9Julio_S_Turn01;6;9 DE JULIO;7;0;0;7
426;2/9/2019;07:00:00;07:15:00;D;LineaD_9Julio_S_Turn02;6;9 DE JULIO;5;0;0;5
427;2/9/2019;07:15:00;07:30:00;D;LineaD_9Julio_S_Turn01;6;9 DE JULIO;6;0;0;6
428;2/9/2019;07:15:00;07:30:00;D;LineaD_9Julio_S_Turn03;6;9 DE JULIO;1;0;0;1
429;2/9/2019;07:15:00;07:30:00;D;LineaD_9Julio_S_Turn02;6;9 DE JULIO;6;0;0;6
430;2/9/2019;07:30:00;07:45:00;D;LineaD_9Julio_S_Turn03;6;9 DE JULIO;1;0;0;1
431;2/9/2019;07:30:00;07:45:00;D;LineaD_9Julio_S_Turn02;6;9 DE JULIO;6;0;0;6
432;2/9/2019;07:30:00;07:45:00;D;LineaD_9Julio_N_Turn01;6;9 DE JULIO;3;0;0;3
433;2/9/2019;07:30:00;07:45:00;D;LineaD_9Julio_S_Turn01;6;9 DE JULIO;8;0;0;8
434;2/9/2019;07:45:00;08:00:00;D;LineaD_9Julio_S_Turn01;6;9 DE JULIO;8;0;0;8
435;2/9/2019;07:45:00;08:00:00;D;LineaD_9Julio_N_Turn02;6;9 DE JULIO;1;0;0;1
436;2/9/2019;07:45:00;08:00:00;D;LineaD_9Julio_S_Turn02;6;9 DE JULIO;3;0;0;3
437;2/9/2019;07:45:00;08:00:00;D;LineaD_9Julio_N_Turn01;6;9 DE JULIO;1;0;0;1
438;2/9/2019;07:45:00;08:00:00;D;LineaD_9Julio_S_Turn03;6;9 DE JULIO;2;0;0;2
439;2/9/2019;08:00:00;08:15:00;D;LineaD_9Julio_S_Turn02;6;9 DE JULIO;7;0;0;7
440;2/9/2019;08:00:00;08:15:00;D;LineaD_9Julio_N_Turn01;6;9 DE JULIO;2;0;0;2
441;2/9/2019;08:00:00;08:15:00;D;LineaD_9Julio_S_Turn01;6;9 DE JULIO;9;0;0;9
442;2/9/2019;08:15:00;08:30:00;D;LineaD_9Julio_S_Turn02;6;9 DE JULIO;7;0;0;7
443;2/9/2019;08:15:00;08:30:00;D;LineaD_9Julio_N_Turn01;6;9 DE JULIO;1;0;0;1
444;2/9/2019;08:15:00;08:30:00;D;LineaD_9Julio_S_Turn01;6;9 DE JULIO;11;0;0;11
445;2/9/2019;08:30:00;08:45:00;D;LineaD_9Julio_S_Turn01;6;9 DE JULIO;15;0;0;15
446;2/9/2019;08:30:00;08:45:00;D;LineaD_9Julio_N_Turn01;6;9 DE JULIO;2;0;0;2
447;2/9/2019;08:30:00;08:45:00;D;LineaD_9Julio_S_Turn02;6;9 DE JULIO;13;0;0;13
448;2/9/2019;08:30:00;08:45:00;D;LineaD_9Julio_S_Turn03;6;9 DE JULIO;4;0;0;4
449;2/9/2019;08:45:00;09:00:00;D;LineaD_9Julio_S_Turn01;6;9 DE JULIO;4;0;0;4
450;2/9/2019;08:45:00;09:00:00;D;LineaD_9Julio_S_Turn03;6;9 DE JULIO;1;0;0;1
451;2/9/2019;08:45:00;09:00:00;D;LineaD_9Julio_S_Turn02;6;9 DE JULIO;7;0;0;7
452;2/9/2019;08:45:00;09:00:00;D;LineaD_9Julio_N_Turn02;6;9 DE JULIO;1;0;0;1
453;2/9/2019;09:00:00;09:15:00;D;LineaD_9Julio_S_Turn03;6;9 DE JULIO;2;0;0;2
454;2/9/2019;09:00:00;09:15:00;D;LineaD_9Julio_S_Turn02;6;9 DE JULIO;12;0;0;12
455;2/9/2019;09:00:00;09:15:00;D;LineaD_9Julio_S_Turn01;6;9 DE JULIO;1;0;0;1
456;2/9/2019;09:15:00;09:30:00;D;LineaD_9Julio_S_Turn02;6;9 DE JULIO;12;0;0;12
457;2/9/2019;09:15:00;09:30:00;D;LineaD_9Julio_S_Turn03;6;9 DE JULIO;1;0;0;1
458;2/9/2019;09:15:00;09:30:00;D;LineaD_9Julio_N_Turn01;6;9 DE JULIO;1;0;0;1
459;2/9/2019;09:15:00;09:30:00;D;LineaD_9Julio_S_Turn01;6;9 DE JULIO;6;0;0;6
460;2/9/2019;09:30:00;09:45:00;D;LineaD_9Julio_S_Turn01;6;9 DE JULIO;13;0;1;14
461;2/9/2019;09:30:00;09:45:00;D;LineaD_9Julio_N_Turn01;6;9 DE JULIO;0;0;0;0
462;2/9/2019;09:30:00;09:45:00;D;LineaD_9Julio_N_Turn02;6;9 DE JULIO;0;0;0;0
463;2/9/2019;09:30:00;09:45:00;D;LineaD_9Julio_S_Turn02;6;9 DE JULIO;12;0;0;12
464;2/9/2019;09:30:00;09:45:00;D;LineaD_9Julio_S_Turn03;6;9 DE JULIO;1;0;0;1
465;2/9/2019;09:45:00;10:00:00;D;LineaD_9Julio_S_Turn01;6;9 DE JULIO;10;0;0;10
466;2/9/2019;09:45:00;10:00:00;D;LineaD_9Julio_S_Turn02;6;9 DE JULIO;8;0;0;8
467;2/9/2019;09:45:00;10:00:00;D;LineaD_9Julio_N_Turn01;6;9 DE JULIO;0;0;1;1
468;2/9/2019;09:45:00;10:00:00;D;LineaD_9Julio_S_Turn03;6;9 DE JULIO;5;0;0;5
469;2/9/2019;10:00:00;10:15:00;D;LineaD_9Julio_N_Turn01;6;9 DE JULIO;3;0;0;3
470;2/9/2019;10:00:00;10:15:00;D;LineaD_9Julio_S_Turn01;6;9 DE JULIO;4;0;0;4
471;2/9/2019;10:00:00;10:15:00;D;LineaD_9Julio_N_Turn02;6;9 DE JULIO;3;0;0;3
472;2/9/2019;10:00:00;10:15:00;D;LineaD_9Julio_S_Turn03;6;9 DE JULIO;1;0;0;1
473;2/9/2019;10:00:00;10:15:00;D;LineaD_9Julio_S_Turn02;6;9 DE JULIO;6;0;0;6
474;2/9/2019;10:15:00;10:30:00;D;LineaD_9Julio_S_Turn01;6;9 DE JULIO;1;0;0;1
475;2/9/2019;10:15:00;10:30:00;D;LineaD_9Julio_N_Turn02;6;9 DE JULIO;2;0;0;2
476;2/9/2019;10:15:00;10:30:00;D;LineaD_9Julio_N_Turn01;6;9 DE JULIO;2;0;0;2
477;2/9/2019;10:15:00;10:30:00;D;LineaD_9Julio_S_Turn02;6;9 DE JULIO;11;0;0;11
478;2/9/2019;10:15:00;10:30:00;D;LineaD_9Julio_S_Turn03;6;9 DE JULIO;2;0;0;2
479;2/9/2019;10:30:00;10:45:00;D;LineaD_9Julio_S_Turn01;6;9 DE JULIO;13;0;0;13
480;2/9/2019;10:30:00;10:45:00;D;LineaD_9Julio_S_Turn03;6;9 DE JULIO;2;0;0;2
481;2/9/2019;10:30:00;10:45:00;D;LineaD_9Julio_N_Turn02;6;9 DE JULIO;2;0;0;2
482;2/9/2019;10:30:00;10:45:00;D;LineaD_9Julio_N_Turn01;6;9 DE JULIO;3;0;0;3
483;2/9/2019;10:30:00;10:45:00;D;LineaD_9Julio_S_Turn02;6;9 DE JULIO;8;0;0;8
484;2/9/2019;10:45:00;11:00:00;D;LineaD_9Julio_N_Turn01;6;9 DE JULIO;2;0;0;2
485;2/9/2019;10:45:00;11:00:00;D;LineaD_9Julio_S_Turn01;6;9 DE JULIO;13;0;1;14
486;2/9/2019;10:45:00;11:00:00;D;LineaD_9Julio_N_Turn02;6;9 DE JULIO;4;0;0;4
487;2/9/2019;10:45:00;11:00:00;D;LineaD_9Julio_S_Turn02;6;9 DE JULIO;8;0;1;9
488;2/9/2019;10:45:00;11:00:00;D;LineaD_9Julio_S_Turn03;6;9 DE JULIO;0;0;0;0
489;2/9/2019;11:00:00;11:15:00;D;LineaD_9Julio_N_Turn01;6;9 DE JULIO;1;0;0;1
490;2/9/2019;11:00:00;11:15:00;D;LineaD_9Julio_S_Turn01;6;9 DE JULIO;9;0;0;9
491;2/9/2019;11:00:00;11:15:00;D;LineaD_9Julio_S_Turn03;6;9 DE JULIO;3;0;0;3
492;2/9/2019;11:00:00;11:15:00;D;LineaD_9Julio_S_Turn02;6;9 DE JULIO;2;0;0;2
493;2/9/2019;11:15:00;11:30:00;D;LineaD_9Julio_N_Turn01;6;9 DE JULIO;4;0;0;4
494;2/9/2019;11:15:00;11:30:00;D;LineaD_9Julio_N_Turn02;6;9 DE JULIO;3;0;0;3
495;2/9/2019;11:15:00;11:30:00;D;LineaD_9Julio_S_Turn02;6;9 DE JULIO;14;0;0;14
496;2/9/2019;11:15:00;11:30:00;D;LineaD_9Julio_S_Turn01;6;9 DE JULIO;14;0;0;14
497;2/9/2019;11:30:00;11:45:00;D;LineaD_9Julio_N_Turn02;6;9 DE JULIO;6;0;0;6
498;2/9/2019;11:30:00;11:45:00;D;LineaD_9Julio_S_Turn02;6;9 DE JULIO;9;0;1;10
499;2/9/2019;11:30:00;11:45:00;D;LineaD_9Julio_N_Turn01;6;9 DE JULIO;1;0;0;1
500;2/9/2019;11:30:00;11:45:00;D;LineaD_9Julio_S_Turn01;6;9 DE JULIO;9;0;0;9
501;2/9/2019;11:45:00;12:00:00;D;LineaD_9Julio_S_Turn02;6;9 DE JULIO;28;0;0;28
502;2/9/2019;11:45:00;12:00:00;D;LineaD_9Julio_S_Turn03;6;9 DE JULIO;5;0;0;5
503;2/9/2019;11:45:00;12:00:00;D;LineaD_9Julio_N_Turn02;6;9 DE JULIO;1;0;0;1
504;2/9/2019;11:45:00;12:00:00;D;LineaD_9Julio_N_Turn01;6;9 DE JULIO;1;0;2;3
505;2/9/2019;11:45:00;12:00:00;D;LineaD_9Julio_S_Turn01;6;9 DE JULIO;16;0;1;17
506;2/9/2019;12:00:00;12:15:00;D;LineaD_9Julio_S_Turn02;6;9 DE JULIO;5;0;0;5
507;2/9/2019;12:00:00;12:15:00;D;LineaD_9Julio_S_Turn03;6;9 DE JULIO;2;0;0;2
508;2/9/2019;12:00:00;12:15:00;D;LineaD_9Julio_N_Turn01;6;9 DE JULIO;1;0;1;2
509;2/9/2019;12:00:00;12:15:00;D;LineaD_9Julio_S_Turn01;6;9 DE JULIO;7;0;0;7
510;2/9/2019;12:00:00;12:15:00;D;LineaD_9Julio_N_Turn02;6;9 DE JULIO;2;0;1;3
511;2/9/2019;12:15:00;12:30:00;D;LineaD_9Julio_S_Turn03;6;9 DE JULIO;3;0;0;3
512;2/9/2019;12:15:00;12:30:00;D;LineaD_9Julio_S_Turn02;6;9 DE JULIO;10;0;0;10
513;2/9/2019;12:15:00;12:30:00;D;LineaD_9Julio_N_Turn02;6;9 DE JULIO;3;0;0;3
514;2/9/2019;12:15:00;12:30:00;D;LineaD_9Julio_N_Turn01;6;9 DE JULIO;1;0;0;1
515;2/9/2019;12:15:00;12:30:00;D;LineaD_9Julio_S_Turn01;6;9 DE JULIO;14;0;1;15
516;2/9/2019;12:30:00;12:45:00;D;LineaD_9Julio_S_Turn01;6;9 DE JULIO;6;0;0;6
517;2/9/2019;12:30:00;12:45:00;D;LineaD_9Julio_N_Turn01;6;9 DE JULIO;4;0;0;4
518;2/9/2019;12:30:00;12:45:00;D;LineaD_9Julio_S_Turn03;6;9 DE JULIO;3;0;0;3
519;2/9/2019;12:30:00;12:45:00;D;LineaD_9Julio_N_Turn02;6;9 DE JULIO;2;0;0;2
520;2/9/2019;12:30:00;12:45:00;D;LineaD_9Julio_S_Turn02;6;9 DE JULIO;13;0;0;13
521;2/9/2019;12:45:00;13:00:00;D;LineaD_9Julio_S_Turn02;6;9 DE JULIO;11;0;0;11
522;2/9/2019;12:45:00;13:00:00;D;LineaD_9Julio_S_Turn03;6;9 DE JULIO;1;0;0;1
523;2/9/2019;12:45:00;13:00:00;D;LineaD_9Julio_S_Turn01;6;9 DE JULIO;14;0;1;15
524;2/9/2019;12:45:00;13:00:00;D;LineaD_9Julio_N_Turn01;6;9 DE JULIO;5;0;0;5
525;2/9/2019;13:00:00;13:15:00;D;LineaD_9Julio_S_Turn02;6;9 DE JULIO;7;0;0;7
526;2/9/2019;13:00:00;13:15:00;D;LineaD_9Julio_S_Turn03;6;9 DE JULIO;1;0;0;1
527;2/9/2019;13:00:00;13:15:00;D;LineaD_9Julio_N_Turn02;6;9 DE JULIO;4;0;0;4
528;2/9/2019;13:00:00;13:15:00;D;LineaD_9Julio_N_Turn01;6;9 DE JULIO;3;0;0;3
529;2/9/2019;13:00:00;13:15:00;D;LineaD_9Julio_S_Turn01;6;9 DE JULIO;13;0;0;13
530;2/9/2019;13:15:00;13:30:00;D;LineaD_9Julio_S_Turn01;6;9 DE JULIO;15;0;1;16
531;2/9/2019;13:15:00;13:30:00;D;LineaD_9Julio_N_Turn02;6;9 DE JULIO;4;0;0;4
532;2/9/2019;13:15:00;13:30:00;D;LineaD_9Julio_S_Turn02;6;9 DE JULIO;10;0;1;11
533;2/9/2019;13:15:00;13:30:00;D;LineaD_9Julio_S_Turn03;6;9 DE JULIO;5;0;0;5
534;2/9/2019;13:15:00;13:30:00;D;LineaD_9Julio_N_Turn01;6;9 DE JULIO;8;0;0;8
535;2/9/2019;13:30:00;13:45:00;D;LineaD_9Julio_S_Turn01;6;9 DE JULIO;8;0;0;8
536;2/9/2019;13:30:00;13:45:00;D;LineaD_9Julio_N_Turn01;6;9 DE JULIO;3;0;0;3
537;2/9/2019;13:30:00;13:45:00;D;LineaD_9Julio_N_Turn02;6;9 DE JULIO;2;0;0;2
538;2/9/2019;13:30:00;13:45:00;D;LineaD_9Julio_S_Turn03;6;9 DE JULIO;4;0;0;4
539;2/9/2019;13:30:00;13:45:00;D;LineaD_9Julio_S_Turn02;6;9 DE JULIO;12;0;0;12
540;2/9/2019;13:45:00;14:00:00;D;LineaD_9Julio_N_Turn01;6;9 DE JULIO;7;0;0;7
541;2/9/2019;13:45:00;14:00:00;D;LineaD_9Julio_S_Turn01;6;9 DE JULIO;12;0;0;12
542;2/9/2019;13:45:00;14:00:00;D;LineaD_9Julio_N_Turn02;6;9 DE JULIO;1;0;0;1
543;2/9/2019;13:45:00;14:00:00;D;LineaD_9Julio_S_Turn02;6;9 DE JULIO;17;0;1;18
544;2/9/2019;13:45:00;14:00:00;D;LineaD_9Julio_S_Turn03;6;9 DE JULIO;3;0;0;3
545;2/9/2019;14:00:00;14:15:00;D;LineaD_9Julio_N_Turn02;6;9 DE JULIO;5;0;0;5
546;2/9/2019;14:00:00;14:15:00;D;LineaD_9Julio_S_Turn01;6;9 DE JULIO;16;0;0;16
547;2/9/2019;14:00:00;14:15:00;D;LineaD_9Julio_N_Turn01;6;9 DE JULIO;2;0;1;3
548;2/9/2019;14:00:00;14:15:00;D;LineaD_9Julio_S_Turn02;6;9 DE JULIO;15;0;0;15
549;2/9/2019;14:00:00;14:15:00;D;LineaD_9Julio_S_Turn03;6;9 DE JULIO;5;0;0;5
550;2/9/2019;14:15:00;14:30:00;D;LineaD_9Julio_S_Turn01;6;9 DE JULIO;18;0;0;18
551;2/9/2019;14:15:00;14:30:00;D;LineaD_9Julio_S_Turn02;6;9 DE JULIO;8;0;0;8
552;2/9/2019;14:15:00;14:30:00;D;LineaD_9Julio_S_Turn03;6;9 DE JULIO;11;0;0;11
553;2/9/2019;14:15:00;14:30:00;D;LineaD_9Julio_N_Turn01;6;9 DE JULIO;3;0;0;3
554;2/9/2019;14:30:00;14:45:00;D;LineaD_9Julio_N_Turn02;6;9 DE JULIO;4;0;0;4
555;2/9/2019;14:30:00;14:45:00;D;LineaD_9Julio_S_Turn02;6;9 DE JULIO;12;0;0;12
556;2/9/2019;14:30:00;14:45:00;D;LineaD_9Julio_N_Turn01;6;9 DE JULIO;4;0;0;4
557;2/9/2019;14:30:00;14:45:00;D;LineaD_9Julio_S_Turn03;6;9 DE JULIO;1;0;0;1
558;2/9/2019;14:30:00;14:45:00;D;LineaD_9Julio_S_Turn01;6;9 DE JULIO;12;0;0;12
559;2/9/2019;14:45:00;15:00:00;D;LineaD_9Julio_S_Turn01;6;9 DE JULIO;11;0;0;11
560;2/9/2019;14:45:00;15:00:00;D;LineaD_9Julio_N_Turn01;6;9 DE JULIO;1;0;0;1
561;2/9/2019;14:45:00;15:00:00;D;LineaD_9Julio_S_Turn03;6;9 DE JULIO;12;0;1;13
562;2/9/2019;14:45:00;15:00:00;D;LineaD_9Julio_S_Turn02;6;9 DE JULIO;1;0;0;1
563;2/9/2019;15:00:00;15:15:00;D;LineaD_9Julio_S_Turn01;6;9 DE JULIO;10;0;0;10
564;2/9/2019;15:00:00;15:15:00;D;LineaD_9Julio_N_Turn01;6;9 DE JULIO;5;0;0;5
565;2/9/2019;15:00:00;15:15:00;D;LineaD_9Julio_N_Turn02;6;9 DE JULIO;6;0;0;6
566;2/9/2019;15:00:00;15:15:00;D;LineaD_9Julio_S_Turn03;6;9 DE JULIO;9;0;0;9
567;2/9/2019;15:15:00;15:30:00;D;LineaD_9Julio_N_Turn01;6;9 DE JULIO;5;0;1;6
568;2/9/2019;15:15:00;15:30:00;D;LineaD_9Julio_S_Turn01;6;9 DE JULIO;27;0;0;27
569;2/9/2019;15:15:00;15:30:00;D;LineaD_9Julio_S_Turn03;6;9 DE JULIO;6;0;0;6
570;2/9/2019;15:15:00;15:30:00;D;LineaD_9Julio_N_Turn02;6;9 DE JULIO;5;0;1;6
571;2/9/2019;15:30:00;15:45:00;D;LineaD_9Julio_N_Turn02;6;9 DE JULIO;3;0;0;3
572;2/9/2019;15:30:00;15:45:00;D;LineaD_9Julio_S_Turn03;6;9 DE JULIO;5;0;0;5
573;2/9/2019;15:30:00;15:45:00;D;LineaD_9Julio_S_Turn01;6;9 DE JULIO;17;0;1;18
574;2/9/2019;15:30:00;15:45:00;D;LineaD_9Julio_N_Turn01;6;9 DE JULIO;5;0;0;5
575;2/9/2019;15:45:00;16:00:00;D;LineaD_9Julio_S_Turn03;6;9 DE JULIO;8;0;0;8
576;2/9/2019;15:45:00;16:00:00;D;LineaD_9Julio_S_Turn01;6;9 DE JULIO;16;0;0;16
577;2/9/2019;15:45:00;16:00:00;D;LineaD_9Julio_N_Turn01;6;9 DE JULIO;1;0;0;1
578;2/9/2019;15:45:00;16:00:00;D;LineaD_9Julio_N_Turn02;6;9 DE JULIO;1;0;0;1
579;2/9/2019;16:00:00;16:15:00;D;LineaD_9Julio_S_Turn01;6;9 DE JULIO;20;0;1;21
580;2/9/2019;16:00:00;16:15:00;D;LineaD_9Julio_S_Turn03;6;9 DE JULIO;7;0;0;7
581;2/9/2019;16:00:00;16:15:00;D;LineaD_9Julio_N_Turn01;6;9 DE JULIO;1;0;0;1
582;2/9/2019;16:15:00;16:30:00;D;LineaD_9Julio_N_Turn01;6;9 DE JULIO;1;0;0;1
583;2/9/2019;16:15:00;16:30:00;D;LineaD_9Julio_S_Turn01;6;9 DE JULIO;10;0;0;10
584;2/9/2019;16:15:00;16:30:00;D;LineaD_9Julio_N_Turn02;6;9 DE JULIO;3;0;0;3
585;2/9/2019;16:15:00;16:30:00;D;LineaD_9Julio_S_Turn03;6;9 DE JULIO;2;0;0;2
586;2/9/2019;16:30:00;16:45:00;D;LineaD_9Julio_S_Turn01;6;9 DE JULIO;16;0;0;16
587;2/9/2019;16:30:00;16:45:00;D;LineaD_9Julio_N_Turn02;6;9 DE JULIO;1;0;0;1
588;2/9/2019;16:30:00;16:45:00;D;LineaD_9Julio_S_Turn03;6;9 DE JULIO;7;0;0;7
589;2/9/2019;16:45:00;17:00:00;D;LineaD_9Julio_S_Turn03;6;9 DE JULIO;6;0;0;6
590;2/9/2019;16:45:00;17:00:00;D;LineaD_9Julio_N_Turn01;6;9 DE JULIO;9;0;1;10
591;2/9/2019;16:45:00;17:00:00;D;LineaD_9Julio_S_Turn01;6;9 DE JULIO;8;0;1;9
592;2/9/2019;16:45:00;17:00:00;D;LineaD_9Julio_N_Turn02;6;9 DE JULIO;8;0;0;8
593;2/9/2019;17:00:00;17:15:00;D;LineaD_9Julio_N_Turn01;6;9 DE JULIO;7;0;0;7
594;2/9/2019;17:00:00;17:15:00;D;LineaD_9Julio_S_Turn03;6;9 DE JULIO;8;0;0;8
595;2/9/2019;17:00:00;17:15:00;D;LineaD_9Julio_S_Turn01;6;9 DE JULIO;18;0;1;19
596;2/9/2019;17:00:00;17:15:00;D;LineaD_9Julio_N_Turn02;6;9 DE JULIO;2;0;0;2
597;2/9/2019;17:15:00;17:30:00;D;LineaD_9Julio_S_Turn01;6;9 DE JULIO;20;0;0;20
598;2/9/2019;17:15:00;17:30:00;D;LineaD_9Julio_S_Turn03;6;9 DE JULIO;6;0;1;7
599;2/9/2019;17:15:00;17:30:00;D;LineaD_9Julio_N_Turn01;6;9 DE JULIO;10;0;0;10
600;2/9/2019;17:15:00;17:30:00;D;LineaD_9Julio_N_Turn02;6;9 DE JULIO;1;0;0;1
601;2/9/2019;17:30:00;17:45:00;D;LineaD_9Julio_N_Turn02;6;9 DE JULIO;4;0;0;4
602;2/9/2019;17:30:00;17:45:00;D;LineaD_9Julio_S_Turn03;6;9 DE JULIO;8;0;0;8
603;2/9/2019;17:30:00;17:45:00;D;LineaD_9Julio_N_Turn01;6;9 DE JULIO;2;0;0;2
604;2/9/2019;17:30:00;17:45:00;D;LineaD_9Julio_S_Turn01;6;9 DE JULIO;16;0;0;16
605;2/9/2019;17:45:00;18:00:00;D;LineaD_9Julio_N_Turn01;6;9 DE JULIO;2;0;0;2
606;2/9/2019;17:45:00;18:00:00;D;LineaD_9Julio_S_Turn01;6;9 DE JULIO;18;0;1;19
607;2/9/2019;17:45:00;18:00:00;D;LineaD_9Julio_N_Turn02;6;9 DE JULIO;1;0;0;1
608;2/9/2019;17:45:00;18:00:00;D;LineaD_9Julio_S_Turn03;6;9 DE JULIO;10;0;0;10
609;2/9/2019;18:00:00;18:15:00;D;LineaD_9Julio_N_Turn01;6;9 DE JULIO;2;0;0;2
610;2/9/2019;18:00:00;18:15:00;D;LineaD_9Julio_N_Turn02;6;9 DE JULIO;2;0;0;2
611;2/9/2019;18:00:00;18:15:00;D;LineaD_9Julio_S_Turn01;6;9 DE JULIO;21;0;1;22
612;2/9/2019;18:00:00;18:15:00;D;LineaD_9Julio_S_Turn03;6;9 DE JULIO;3;0;0;3
613;2/9/2019;18:15:00;18:30:00;D;LineaD_9Julio_N_Turn02;6;9 DE JULIO;2;0;0;2
614;2/9/2019;18:15:00;18:30:00;D;LineaD_9Julio_N_Turn01;6;9 DE JULIO;5;0;0;5
615;2/9/2019;18:15:00;18:30:00;D;LineaD_9Julio_S_Turn03;6;9 DE JULIO;9;0;0;9
616;2/9/2019;18:15:00;18:30:00;D;LineaD_9Julio_S_Turn01;6;9 DE JULIO;14;0;0;14
617;2/9/2019;18:30:00;18:45:00;D;LineaD_9Julio_N_Turn02;6;9 DE JULIO;1;0;0;1
618;2/9/2019;18:30:00;18:45:00;D;LineaD_9Julio_S_Turn01;6;9 DE JULIO;16;0;1;17
619;2/9/2019;18:30:00;18:45:00;D;LineaD_9Julio_S_Turn03;6;9 DE JULIO;8;0;0;8
620;2/9/2019;18:45:00;19:00:00;D;LineaD_9Julio_S_Turn03;6;9 DE JULIO;7;0;0;7
621;2/9/2019;18:45:00;19:00:00;D;LineaD_9Julio_S_Turn01;6;9 DE JULIO;12;0;1;13
622;2/9/2019;18:45:00;19:00:00;D;LineaD_9Julio_N_Turn01;6;9 DE JULIO;3;0;0;3
623;2/9/2019;19:00:00;19:15:00;D;LineaD_9Julio_N_Turn02;6;9 DE JULIO;1;0;0;1
624;2/9/2019;19:00:00;19:15:00;D;LineaD_9Julio_N_Turn01;6;9 DE JULIO;2;0;0;2
625;2/9/2019;19:00:00;19:15:00;D;LineaD_9Julio_S_Turn01;6;9 DE JULIO;17;0;0;17
626;2/9/2019;19:00:00;19:15:00;D;LineaD_9Julio_S_Turn03;6;9 DE JULIO;11;0;0;11
627;2/9/2019;19:15:00;19:30:00;D;LineaD_9Julio_N_Turn02;6;9 DE JULIO;7;0;0;7
628;2/9/2019;19:15:00;19:30:00;D;LineaD_9Julio_S_Turn03;6;9 DE JULIO;4;0;0;4
629;2/9/2019;19:15:00;19:30:00;D;LineaD_9Julio_S_Turn01;6;9 DE JULIO;16;0;0;16
630;2/9/2019;19:15:00;19:30:00;D;LineaD_9Julio_N_Turn01;6;9 DE JULIO;7;0;0;7
631;2/9/2019;19:30:00;19:45:00;D;LineaD_9Julio_S_Turn03;6;9 DE JULIO;7;0;0;7
632;2/9/2019;19:30:00;19:45:00;D;LineaD_9Julio_S_Turn01;6;9 DE JULIO;22;0;0;22
633;2/9/2019;19:30:00;19:45:00;D;LineaD_9Julio_N_Turn02;6;9 DE JULIO;1;0;0;1
634;2/9/2019;19:30:00;19:45:00;D;LineaD_9Julio_N_Turn01;6;9 DE JULIO;3;0;0;3
635;2/9/2019;19:45:00;20:00:00;D;LineaD_9Julio_S_Turn01;6;9 DE JULIO;13;0;0;13
636;2/9/2019;19:45:00;20:00:00;D;LineaD_9Julio_N_Turn02;6;9 DE JULIO;4;0;0;4
637;2/9/2019;19:45:00;20:00:00;D;LineaD_9Julio_S_Turn03;6;9 DE JULIO;3;0;0;3
638;2/9/2019;19:45:00;20:00:00;D;LineaD_9Julio_S_Turn02;6;9 DE JULIO;24;0;0;24
639;2/9/2019;19:45:00;20:00:00;D;LineaD_9Julio_N_Turn01;6;9 DE JULIO;5;0;0;5
640;2/9/2019;20:00:00;20:15:00;D;LineaD_9Julio_S_Turn03;6;9 DE JULIO;4;0;0;4
641;2/9/2019;20:00:00;20:15:00;D;LineaD_9Julio_S_Turn01;6;9 DE JULIO;17;0;1;18
642;2/9/2019;20:00:00;20:15:00;D;LineaD_9Julio_N_Turn01;6;9 DE JULIO;4;0;0;4
643;2/9/2019;20:00:00;20:15:00;D;LineaD_9Julio_S_Turn02;6;9 DE JULIO;20;0;0;20
644;2/9/2019;20:15:00;20:30:00;D;LineaD_9Julio_N_Turn01;6;9 DE JULIO;3;0;0;3
645;2/9/2019;20:15:00;20:30:00;D;LineaD_9Julio_S_Turn01;6;9 DE JULIO;6;0;3;9
646;2/9/2019;20:15:00;20:30:00;D;LineaD_9Julio_S_Turn03;6;9 DE JULIO;1;0;0;1
647;2/9/2019;20:15:00;20:30:00;D;LineaD_9Julio_S_Turn02;6;9 DE JULIO;7;0;0;7
648;2/9/2019;20:15:00;20:30:00;D;LineaD_9Julio_N_Turn02;6;9 DE JULIO;1;0;0;1
649;2/9/2019;20:30:00;20:45:00;D;LineaD_9Julio_S_Turn03;6;9 DE JULIO;2;0;0;2
650;2/9/2019;20:30:00;20:45:00;D;LineaD_9Julio_N_Turn01;6;9 DE JULIO;2;0;0;2
651;2/9/2019;20:30:00;20:45:00;D;LineaD_9Julio_S_Turn01;6;9 DE JULIO;16;0;0;16
652;2/9/2019;20:30:00;20:45:00;D;LineaD_9Julio_N_Turn02;6;9 DE JULIO;1;0;0;1
653;2/9/2019;20:30:00;20:45:00;D;LineaD_9Julio_S_Turn02;6;9 DE JULIO;17;0;0;17
654;2/9/2019;20:45:00;21:00:00;D;LineaD_9Julio_N_Turn01;6;9 DE JULIO;2;0;0;2
655;2/9/2019;20:45:00;21:00:00;D;LineaD_9Julio_S_Turn01;6;9 DE JULIO;11;0;0;11
656;2/9/2019;20:45:00;21:00:00;D;LineaD_9Julio_N_Turn02;6;9 DE JULIO;1;0;0;1
657;2/9/2019;20:45:00;21:00:00;D;LineaD_9Julio_S_Turn02;6;9 DE JULIO;13;0;0;13
658;2/9/2019;20:45:00;21:00:00;D;LineaD_9Julio_S_Turn03;6;9 DE JULIO;1;0;0;1
659;2/9/2019;21:00:00;21:15:00;D;LineaD_9Julio_S_Turn01;6;9 DE JULIO;11;0;1;12
660;2/9/2019;21:00:00;21:15:00;D;LineaD_9Julio_N_Turn01;6;9 DE JULIO;1;0;0;1
661;2/9/2019;21:00:00;21:15:00;D;LineaD_9Julio_S_Turn03;6;9 DE JULIO;2;0;0;2
662;2/9/2019;21:00:00;21:15:00;D;LineaD_9Julio_S_Turn02;6;9 DE JULIO;8;0;0;8
663;2/9/2019;21:00:00;21:15:00;D;LineaD_9Julio_N_Turn02;6;9 DE JULIO;2;0;0;2
664;2/9/2019;21:15:00;21:30:00;D;LineaD_9Julio_S_Turn01;6;9 DE JULIO;12;0;0;12
665;2/9/2019;21:15:00;21:30:00;D;LineaD_9Julio_S_Turn02;6;9 DE JULIO;10;0;0;10
666;2/9/2019;21:15:00;21:30:00;D;LineaD_9Julio_S_Turn03;6;9 DE JULIO;1;0;0;1
667;2/9/2019;21:30:00;21:45:00;D;LineaD_9Julio_S_Turn01;6;9 DE JULIO;7;0;0;7
668;2/9/2019;21:30:00;21:45:00;D;LineaD_9Julio_N_Turn01;6;9 DE JULIO;1;0;0;1
669;2/9/2019;21:30:00;21:45:00;D;LineaD_9Julio_S_Turn03;6;9 DE JULIO;3;0;0;3
670;2/9/2019;21:30:00;21:45:00;D;LineaD_9Julio_S_Turn02;6;9 DE JULIO;10;0;0;10
671;2/9/2019;21:45:00;22:00:00;D;LineaD_9Julio_S_Turn01;6;9 DE JULIO;9;0;0;9
672;2/9/2019;21:45:00;22:00:00;D;LineaD_9Julio_N_Turn01;6;9 DE JULIO;1;0;0;1
673;2/9/2019;21:45:00;22:00:00;D;LineaD_9Julio_S_Turn02;6;9 DE JULIO;10;0;0;10
674;2/9/2019;22:00:00;22:15:00;D;LineaD_9Julio_N_Turn02;6;9 DE JULIO;2;0;0;2
675;2/9/2019;22:00:00;22:15:00;D;LineaD_9Julio_N_Turn01;6;9 DE JULIO;2;0;0;2
676;2/9/2019;22:00:00;22:15:00;D;LineaD_9Julio_S_Turn02;6;9 DE JULIO;5;0;0;5
677;2/9/2019;22:00:00;22:15:00;D;LineaD_9Julio_S_Turn01;6;9 DE JULIO;19;0;0;19
678;2/9/2019;22:15:00;22:30:00;D;LineaD_9Julio_N_Turn01;6;9 DE JULIO;1;0;0;1
679;2/9/2019;22:15:00;22:30:00;D;LineaD_9Julio_S_Turn01;6;9 DE JULIO;9;0;0;9
680;2/9/2019;22:15:00;22:30:00;D;LineaD_9Julio_N_Turn02;6;9 DE JULIO;5;0;0;5
681;2/9/2019;22:15:00;22:30:00;D;LineaD_9Julio_S_Turn02;6;9 DE JULIO;8;0;0;8
682;2/9/2019;22:15:00;22:30:00;D;LineaD_9Julio_S_Turn03;6;9 DE JULIO;3;0;1;4
683;2/9/2019;22:30:00;22:45:00;D;LineaD_9Julio_S_Turn02;6;9 DE JULIO;1;0;0;1
684;2/9/2019;22:30:00;22:45:00;D;LineaD_9Julio_S_Turn01;6;9 DE JULIO;7;0;0;7
685;2/9/2019;22:45:00;23:00:00;D;LineaD_9Julio_S_Turn02;6;9 DE JULIO;2;0;0;2
686;2/9/2019;22:45:00;23:00:00;D;LineaD_9Julio_S_Turn03;6;9 DE JULIO;1;0;0;1
687;2/9/2019;22:45:00;23:00:00;D;LineaD_9Julio_N_Turn02;6;9 DE JULIO;2;0;0;2
688;2/9/2019;22:45:00;23:00:00;D;LineaD_9Julio_S_Turn01;6;9 DE JULIO;1;0;0;1
689;2/9/2019;23:00:00;23:15:00;D;LineaD_9Julio_N_Turn01;6;9 DE JULIO;2;0;0;2
690;2/9/2019;23:00:00;23:15:00;D;LineaD_9Julio_N_Turn02;6;9 DE JULIO;2;0;0;2
691;2/9/2019;23:00:00;23:15:00;D;LineaD_9Julio_S_Turn02;6;9 DE JULIO;5;0;1;6
692;2/9/2019;23:00:00;23:15:00;D;LineaD_9Julio_S_Turn03;6;9 DE JULIO;3;0;0;3
693;2/9/2019;23:00:00;23:15:00;D;LineaD_9Julio_S_Turn01;6;9 DE JULIO;8;0;0;8
694;2/9/2019;23:30:00;23:45:00;D;LineaD_9Julio_S_Turn01;6;9 DE JULIO;3;0;0;3
695;2/9/2019;23:30:00;23:45:00;D;LineaD_9Julio_S_Turn02;6;9 DE JULIO;3;0;0;3
